{
    "employers": 
      [
        {
            "id": 0,
            "name": "Dominik",
            "surename": "Bisiakowski",
            "pesel": "93022804878",
            "email": "dombisiakowski@gmail.com",
            "phone": "123123123",
            "team": "development",
            "profile": "front-end developer"
          },
          {
            "id": 1,
            "name": "Dobromił",
            "surename": "Król",
            "pesel": "81030240930",
            "email": "dobromilkro@o2.pl",
            "phone": "656975345",
            "team": "development",
            "profile": "back-end developer"
          },
          {
            "id": 2,
            "name": "Agnieszka",
            "surename": "Kamińska",
            "pesel": "56032353601",
            "email": "akaminska@gmail.com",
            "phone": "127680123",
            "team": "development",
            "profile": "team-lead"
          },
          {
            "id": 3,
            "name": "Walerian",
            "surename": "Czarnecki",
            "pesel": "89070516693",
            "email": "czarnecki89@gmail.com",
            "phone": "976765873",
            "team": "qa",
            "profile": "junior qa"
          },
          {
            "id": 4,
            "name": "Maryla",
            "surename": "Tomaszewska",
            "pesel": "53112507246",
            "email": "marylatomaszewska@o2.pl",
            "phone": "875465780",
            "team": "qa",
            "profile": "senior qa"
          },
          {
            "id": 5,
            "name": "Sławomir",
            "surename": "Olszewski",
            "pesel": "78020935671",
            "email": "olszewski@yahoo.com",
            "phone": "674345870",
            "team": "maintenance",
            "profile": "project manager"
          },
          {
            "id": 6,
            "name": "Marcel",
            "surename": "Strzelczyk",
            "pesel": "58092481032",
            "email": "mstrzelczyk58@gmail.com",
            "phone": "037468374",
            "team": "maintenance",
            "profile": "senior project manager"
          },
          {
            "id": 7,
            "name": "Lesław",
            "surename": "Pawlak",
            "pesel": "37072852417",
            "email": "pawla37@gmail.com",
            "phone": "873753896",
            "team": "maintenance",
            "profile": "senior project manager"
          }
      ]
  
  }